{"song":{"bpm":120,"notes":[{"lengthInSteps":16,"mustHitSection":false,"sectionNotes":[[0,1,0,"Hurt Note"],[250,1,0,"Hurt Note"],[500,3,0,"Hurt Note"],[875,3,0,"Hurt Note"],[1125,1,0,"Hurt Note"],[1250,0,0,"Hurt Note"],[1500,2,0,"Hurt Note"],[1750,1,0,"Hurt Note"],[1875,0,0,"Hurt Note"],[2000,5,0],[2250,5,0],[2500,7,0],[2875,7,0],[3125,5,0],[3250,4,0],[3500,6,0],[3750,7,0],[3875.0000000000006,6,0],[4000,1,0,"Hurt Note"],[4250,1,0,"Hurt Note"],[4500,3,0,"Hurt Note"],[4875,3,0,"Hurt Note"],[5125,1,0,"Hurt Note"],[5250,0,0,"Hurt Note"],[5500,2,0,"Hurt Note"],[5750,1,0,"Hurt Note"],[5875,0,0,"Hurt Note"],[6000,6,0],[6250,6,0],[6500,7,0],[6875,7,0],[7125,5,0],[7250,4,0],[7500,6,0],[7750.000000000001,2,0,"Hurt Note"],[8000,0,750],[9250,2,0],[9500,3,0],[9750,1,0],[10000,0,875],[11250,2,0],[11500,3,0],[11750,1,0],[12000,4,875],[13250,6,0],[13500,7,0],[13750,5,0],[14000,4,375],[14750,4,375],[15250,6,0],[15500.000000000002,7,0],[15750,5,0],[16000,3,750],[17250,1,0],[17500,0,0],[17750,2,0],[18000,3,750],[19000,3,0,"Hurt Note"],[19250,1,0],[19250,2,0,"Hurt Note"],[19375,1,0,"Hurt Note"],[19500,0,0],[19500,2,0,"Hurt Note"],[19750,2,0],[19750,1,0,"Hurt Note"],[20000,7,0],[20500,7,0],[20750,6,0],[20750,7,0,"Hurt Note"],[21250,5,0],[21500,4,0],[21750,6,0],[22000,7,625],[22750,5,0],[23000,6,0],[23000,7,0,"Hurt Note"],[23250,6,0],[23250,5,0,"Hurt Note"],[23375,5,0],[23375,6,0,"Hurt Note"],[23500,6,0],[23500,5,0,"Hurt Note"],[23750,5,0,"Hurt Note"],[23750,6,0],[24000,2,0],[24250,2,0,"Hurt Note"],[24375,2,0,"Hurt Note"],[24500,2,0],[24750,0,0],[25000,3,0,"Hurt Note"],[25125,3,0,"Hurt Note"],[25250,3,0],[25500,1,0],[25750,0,0],[26000,2,0],[26250,2,0,"Hurt Note"],[26375,2,0,"Hurt Note"],[26500,3,0],[26750,1,0,"Hurt Note"],[26875,1,0,"Hurt Note"],[27000,0,0],[27250,1,0],[27500,3,0,"Hurt Note"],[27625,3,0,"Hurt Note"],[27750,3,0],[28000,6,0],[28250,6,0,"Hurt Note"],[28375,6,0,"Hurt Note"],[28500,4,0],[28750,7,0],[29000,5,0,"Hurt Note"],[29125,5,0,"Hurt Note"],[29250,4,0],[29500,5,0],[29750,7,0],[30000,6,0],[30250,4,0,"Hurt Note"],[30375,4,0,"Hurt Note"],[30500,4,0],[30749.999999999996,5,0,"Hurt Note"],[30874.999999999996,5,0,"Hurt Note"],[31000.000000000004,5,0],[31250.000000000004,7,0],[31500,7,0,"Hurt Note"],[31625,7,0,"Hurt Note"],[31750,6,0],[32000,1,375],[32500,0,375],[33000,2,375],[33500,0,375],[34000,3,125],[34250,1,0,"Hurt Note"],[34500,1,0,"Hurt Note"],[34750,1,0,"Hurt Note"],[34875,1,0,"Hurt Note"],[35000,2,0,"Hurt Note"],[35250,3,0,"Hurt Note"],[35500,0,0,"Hurt Note"],[35750,1,0,"Hurt Note"],[36000,5,125],[36250,5,0,"Hurt Note"],[36500,4,375],[37000,6,375],[37500,4,375],[38000,7,125],[38250,5,0,"Hurt Note"],[38500,5,0,"Hurt Note"],[38750,5,0,"Hurt Note"],[38875,5,0,"Hurt Note"],[39000,6,0,"Hurt Note"],[39250,7,0,"Hurt Note"],[39500,5,0,"Hurt Note"],[39500,4,0,"Hurt Note"],[39750,7,0,"Hurt Note"],[39750,6,0,"Hurt Note"],[40000,2,375],[40625,3,0],[40750,2,0],[40875,0,500],[41625,0,0],[41750,1,0],[41875,2,500],[42750,1,375],[43250,2,0],[43500,0,0],[43750,1,0],[44000,6,375],[44625,7,0],[44750,6,0],[44875,4,500],[45625,4,0],[45750,5,0],[45875,6,500],[46750,5,375],[47250,6,0],[47500,4,0],[47750,5,0],[48000,2,375],[48625,3,0],[48750,2,0],[48875,0,500],[49625,0,0],[49750,1,0],[49875,2,500],[50750,2,0,"Hurt Note"],[51250,3,0,"Hurt Note"],[51500,1,0,"Hurt Note"],[51500,0,0,"Hurt Note"],[52000,6,375],[52625,7,0],[52750,6,0],[52875,4,500],[53625,4,0],[53750,5,0],[53875,6,500],[54750,7,0,"Hurt Note"],[54875,7,0,"Hurt Note"],[55000,7,0,"Hurt Note"],[55125,7,0,"Hurt Note"],[55250,6,0,"Hurt Note"],[55375,6,0,"Hurt Note"],[55500,5,0,"Hurt Note"],[55625,5,0,"Hurt Note"],[55750,3,0,"Hurt Note"],[56000,1,0,"Hurt Note"],[56250,1,0,"Hurt Note"],[56500,3,0,"Hurt Note"],[56875,3,0,"Hurt Note"],[57125,1,0,"Hurt Note"],[57250,0,0,"Hurt Note"],[57500,2,0,"Hurt Note"],[57750,1,0,"Hurt Note"],[57875,0,0,"Hurt Note"],[58000,5,0],[58250,5,0],[58500,7,0],[58875,7,0],[59125,5,0],[59250,4,0],[59500,6,0],[59750,7,0],[59875,6,0],[60000,1,0,"Hurt Note"],[60250,1,0,"Hurt Note"],[60500,3,0,"Hurt Note"],[60875,3,0,"Hurt Note"],[61125,1,0,"Hurt Note"],[61249.99999999999,0,0,"Hurt Note"],[61499.99999999999,2,0,"Hurt Note"],[61749.99999999999,1,0,"Hurt Note"],[61875,0,0,"Hurt Note"],[62000.00000000001,5,0],[62250.00000000001,5,0],[62500.00000000001,7,0],[62875,7,0],[63124.99999999999,5,0],[63250,4,0],[63500,6,0],[63750,1,0,"Hurt Note"],[72000,2,1125],[73250,3,0],[73500,1,0],[73750,2,0],[74000,0,1125],[75250,3,0],[75500,1,0],[75750,2,0],[76000,4,1125],[77250,7,0],[77500,5,0],[77750,6,0],[78000,7,1000],[79250,4,0],[79500,5,0],[79750,6,0],[80000,1,250],[80375,3,0],[80500,1,0],[80750,0,0],[81000,2,0],[81250,3,0],[81500,2,0],[81750,0,0],[82000,5,0],[82250,7,0,"Hurt Note"],[82375,5,0],[82375,7,0,"Hurt Note"],[82750,4,0],[83000,6,0],[83125,6,0,"Hurt Note"],[83250,6,0,"Hurt Note"],[83500,6,0],[83750,4,0],[84000,0,0],[84250,2,0],[84500,3,0],[84750,0,0],[85000,3,0],[85250,2,0],[85500,1,0],[85750,2,0],[86000,1,0],[86250,0,0],[86500,1,0],[86750,0,0],[87000,3,0],[87250,1,0],[87500,0,0],[87750,3,0],[88000,2,375],[88500,4,250],[88750,6,0,"Hurt Note"],[88875,6,0,"Hurt Note"],[89000,5,0],[89250,4,0,"Hurt Note"],[89375,4,0,"Hurt Note"],[89500,7,0],[89625,5,0,"Hurt Note"],[89750,5,0,"Hurt Note"],[90000,6,0],[90125,7,0,"Hurt Note"],[90250,7,0,"Hurt Note"],[90500,4,0],[90750,7,0,"Hurt Note"],[90875,7,0],[90875,6,0,"Hurt Note"],[91125,6,0],[91250,5,0],[91375,4,0],[91500,5,0],[91500,7,0,"Hurt Note"],[91625,6,0,"Hurt Note"],[91625,4,0],[91750,5,0],[91750,7,0,"Hurt Note"],[91875,6,0],[92000,7,125],[92250,0,0],[92500,3,0],[92750,2,375],[93250,1,0],[93500,0,0],[93750,3,0],[94250,4,0],[94500,7,0],[94750,6,375],[95250,4,0],[112000,0,1125],[113250,2,0],[113500,3,0],[113750,1,0],[114000,0,1125],[115250,2,0],[115500,3,0],[115750,1,0],[116000,4,1125],[117250,6,0],[117500,7,0],[117750,5,0],[118000,4,1125],[119250,6,0],[119500,7,0],[119750,5,0],[120000,3,375],[120624.99999999999,1,0],[120750.00000000002,0,0],[120875,1,0],[121000,3,375],[121624.99999999999,2,0],[121750,1,0],[121875,0,375],[122750,2,375],[123250,1,0],[123499.99999999999,3,0],[123750,0,0],[124000.00000000002,4,375],[124250,5,0,"Hurt Note"],[124374.99999999999,5,0,"Hurt Note"],[124500.00000000002,7,0,"Hurt Note"],[124500.00000000002,6,0],[124625,7,0],[124750,5,0,"Hurt Note"],[124750,6,0],[124874.99999999999,4,500],[125250,5,0,"Hurt Note"],[125374.99999999999,5,0,"Hurt Note"],[125500,4,0,"Hurt Note"],[125625,5,0],[125750,4,0,"Hurt Note"],[125750,6,0],[125875.00000000002,7,500],[126249.99999999999,5,0,"Hurt Note"],[126375.00000000002,5,0,"Hurt Note"],[126500,7,0,"Hurt Note"],[126749.99999999999,5,375],[126749.99999999999,6,0,"Hurt Note"],[127000,4,0,"Hurt Note"],[127125,6,0,"Hurt Note"],[127249.99999999999,6,0],[127375,7,0,"Hurt Note"],[127500,6,0,"Hurt Note"],[127500,4,0],[127625,5,0,"Hurt Note"],[127750.00000000002,4,0,"Hurt Note"],[127750.00000000002,7,0],[127875,5,0,"Hurt Note"],[128000,6,0,"Hurt Note"]]}],"player2":"dad","player1":"bf","song":"channelsurfing","events":[[0,[["Event",0,""]]],[4000,[["Event",1,""]]],[7750.000000000001,[["Event",2,""]]],[8000,[["Event",3,""]]],[28000,[["Event",4,""]]],[34000,[["Event",5,""]]],[36000,[["Event",6,""]]],[37000,[["Event",7,""]]],[39500,[["Event",8,""]]],[40000,[["Event",9,""]]],[44000,[["Hey!","Both",""]]],[53875,[["Event",10,""]]],[55625,[["Event",11,""]]],[60000,[["Event",12,""]]],[64000,[["Event",13,""]]],[80000,[["Event",14,""]]],[92250,[["Event",15,""]]],[95375,[["Event",16,""]]],[96000,[["Event",17,""]]],[98000,[["Event",18,""]]],[100000,[["Event",19,""]]],[102000,[["Event",20,""]]],[104000,[["Event",21,""]]],[108000,[["Event",22,""]]],[110000,[["Event",23,""]]],[111250,[["Event",24,""]]],[112000,[["Event",25,""]]],[124000.00000000002,[["Hey!","Both",""]]],[128000,[["Hey!","BF",""]]],[132000,[["Event",26,""]]]],"validScore":true,"keys":4,"player3":"gf","needsVoices":true,"speed":2}}